,user,user_meta,user_attr,user_net,user_socialmedia,user_bp,user_loc,screen_layout,description,hide,hub_members|hub_access,hackathon,project_request,closedpostboxes,edit_per_page,wp_attr,elementor,manage_edit,meta_box_order,meta_box_hidden,notification,pll,misc
1,ID,_allow_feature,_user_badges,session_tokens,facebook,bp_latest_update,locale,screen_layout_c4tk-project,description,hide__myuserpro_nonce,_hub_member_127009,_hackathon_2016_location,_project_request_105159,closedpostboxes_acf-field-group,edit_bp-email_per_page,_wp_http_referer,elementor_admin_notices,manageedit-categorycolumnshidden,meta-box-order_c4tk-project,metaboxhidden_acf-field-group,notification_activity_new_mention,pll_duplicate_content,_highrise_id
2,user_login,_indigitous_terms,action,shortcode,fb_profile_picture,bp_xfield_bio,location_lat,screen_layout_event,description_ar,hide__wp_http_referer,_hub_member_127010,_hackathon_2016_redirect,_project_request_105165,closedpostboxes_attachment,edit_c4tk-project_per_page,_yoast_wpseo_profile_updated,elementor_introduction,manageedit-challengecolumnshidden,meta-box-order_dashboard,metaboxhidden_attachment,notification_activity_new_reply,pll_filter_content,
3,user_nicename,_show_video,admin_color,activation_key,fb_user_access_token,bp_xfield_channel,location_latlng,screen_layout_hub,description_de,hide_action,_hub_member_127011,_hackathon_2016_registered,_project_request_120758,closedpostboxes_bps_form,edit_category_per_page,dismissed_wp_pointers,,manageedit-eventcolumnshidden,meta-box-order_event,metaboxhidden_bps_form,notification_groups_admin_promotion,pll_xdata_01897d19820b5aec31e967ac3c8e5534,ass_digest_items
4,user_email,_user_attending,ct_checked,use_ssl,google_plus,bp_xfield_city,location_lng,screen_layout_page,description_es,hide_country,_hub_member_127012,_hackathon_2017_location,_project_request_120885,closedpostboxes_c4tk-project,edit_challenge_per_page,wp__bbp_last_posted,,manageedit-hubcolumnshidden,meta-box-order_hub,metaboxhidden_c4tk-project,notification_groups_group_updated,pll_xdata_049c0d643fec54275bf09d074ce9cf27,
5,user_url,_user_role,ct_marked_as_spam,wll_user_ip_address,google_profile,bp_xfield_country,country,screen_layout_post,description_fr,hide_custom_profile_bg,_hub_member_127013,_hackathon_2017_redirect,_project_request_121322,closedpostboxes_dashboard,edit_event_per_page,wp__bbp_subscriptions,,manageedit-interestcolumnshidden,meta-box-order_page,metaboxhidden_dashboard,notification_groups_invite,pll_xdata_0648b8d362c79845177dc922435b900b,
6,user_registered,_userpro_followers_ids,custom_profile_bg,,googleplus,bp_xfield_first_name,,screen_layout_project,description_hi,hide_custom_profile_color,_hub_member_127014,_hackathon_2017_registered,_project_request_121398,closedpostboxes_event,edit_forum_per_page,wp_capabilities,,manageedit-locationcolumnshidden,meta-box-order_post,metaboxhidden_event,notification_groups_membership_request,pll_xdata_129348eb1a4a9a7ca57879e6610775f6,
7,user_status,_userpro_following_ids,custom_profile_color,,group,bp_xfield_interests,,screen_layout_project-location,description_pt-br,hide_description,_hub_member_127016,,_project_request_121416,closedpostboxes_forum,edit_hub_per_page,wp_dashboard_quick_press_last_post_id,,manageedit-organizationcolumnshidden,meta-box-order_project,metaboxhidden_forum,notification_membership_request_completed,pll_xdata_13bf252eb6bf82f95105420c34954f41,
8,display_name,acf_user_settings,rocket_boxes,,instagram,bp_xfield_last_name,,,description_ru,hide_display_name,_hub_member_127017,,_project_request_121493,closedpostboxes_hub,edit_interest_per_page,wp_language_pairs,,manageedit-outcomecolumnshidden,meta-box-order_project-location,metaboxhidden_hub,notification_messages_new_blog,pll_xdata_1b7e8e41059e0bcf5c752c6948b36178,
9,display_name_1,ass_self_post_notification,profilepicture,,last_activity,bp_xfield_location,,,description_th,hide_facebook,_hub_member_127018,,_project_request_121721,closedpostboxes_lens_gallery,edit_location_per_page,wp_media_library_mode,,manageedit-pagecolumnshidden,,metaboxhidden_lens_gallery,notification_messages_new_message,pll_xdata_28542ab5aea1074793363244cd543870,
10,first_name,comment_shortcuts,redirect_uri,,last_name,bp_xfield_name,,,description_zh-hans,hide_first_name,_hub_member_127019,,_project_request_121742,closedpostboxes_lens_portfolio,edit_outcome_per_page,wp_nav_menu_recently_edited,,manageedit-postcolumnshidden,,metaboxhidden_lens_portfolio,notification_messages_new_project,pll_xdata_2b37cfdbcbc5827d939bb7827cb83d87,
11,gender,community-events-location,rich_editing,,linkedin,bp_xfield_news,,,description_zh-hant,hide_gender,_hub_member_127020,,_project_request_121758,closedpostboxes_nav-menus,edit_page_per_page,wp_user-settings,,manageedit-skillcolumnshidden,,metaboxhidden_nav-menus,notification_messages_new_resource,pll_xdata_307360af781b79ce121777c031c71f54,
12,nickname,default_password_nag,role,,myspace,bp_xfield_organization,,,,hide_google_plus,_hub_member_127021,,_project_request_122162,closedpostboxes_page,edit_post_per_page,wp_user-settings-time,,managenav-menuscolumnshidden,,metaboxhidden_page,,pll_xdata_336af41074e2c9c1231d5995c465c557,
13,user_email,nav_menu_recently_edited,,,pinterest,bp_xfield_participating_hack_location,,,,hide_group,_hub_member_127022,,_project_request_122304,closedpostboxes_post,edit_post_tag_per_page,wp_user_level,,,,metaboxhidden_post,,pll_xdata_33eb220e9d49258069e1fa318419b7d3,
14,user_fb,nonces,,,soundcloud,bp_xfield_profile_video,,,,hide_hide_user_email,_hub_member_127023,,_project_request_122305,closedpostboxes_profile_page_bp-profile-edit,edit_project_per_page,wpseo-dismiss-about,,,,metaboxhidden_profile_page_bp-profile-edit,,pll_xdata_35cd3d860f564d329e46fe8ca76f13ba,
15,user_id,pending_email_change,,,tumblr,bp_xfield_project_outcomes_i_care_about,,,,hide_last_name,_hub_member_127024,,_project_request_125135,closedpostboxes_project,edit_skill_per_page,wpseo-remove-upsell-notice,,,,metaboxhidden_project,,pll_xdata_4c6c412c59ff16e448631d2d87042f31,
16,user_login,show_admin_bar_front,,,twitter,bp_xfield_project_outcomes_i_like,,,,hide_profilepicture,_hub_member_127025,,_project_request_125784,closedpostboxes_project-location,,wpseo_content_analysis_disable,,,,metaboxhidden_project-location,,pll_xdata_4cc8f860e5f107955fc196ad8b9670ff,
17,user_resetpassword_datetime,show_try_gutenberg_panel,,,youtube,bp_xfield_quote,,,,hide_redirect_uri,_hub_member_127026,,_project_request_125815,closedpostboxes_resource,,wpseo_dismissed_gsc_notice,,,,metaboxhidden_resource,,pll_xdata_50005d69cdfd6a1fe4ff507c2d8a4129,
18,user_resetpassword_key,show_welcome_panel,,,wikipedia,bp_xfield_skills,,,,hide_role,_hub_member_127027,,_project_request_125821,closedpostboxes_toplevel_page_bp-groups,,wpseo_ignore_tour,,,,metaboxhidden_toplevel_page_bp-groups,,pll_xdata_647ffd8dbb1ffbc23c8227ce94fc7e82,
19,user_tw,syntax_highlighting,,,,bp_xprofile_visibility_levels,,,,hide_shortcode,_hub_member_127028,,_project_request_125834,closedpostboxes_toplevel_page_wpcf7,,wpseo_keyword_analysis_disable,,,,metaboxhidden_toplevel_page_wpcf7,,pll_xdata_6c5502fee34edf9881d7bbffb7b70c8c,
20,user_url,template,,,,,,,,hide_template,_hub_member_127029,,_project_request_125872,closedpostboxes_users_page_bp-profile-edit,,wpseo_metadesc,,,,metaboxhidden_users_page_bp-profile-edit,,pll_xdata_6c5d31a20e5afb568c14b5617654b22d,
21,userpro_alert,terms,,,,,,,,hide_terms,_hub_member_127030,,_project_request_127006,,,wpseo_metakey,,,,,,pll_xdata_6d0ca9572b1634c8b0b499cfda7f6d83,
22,userpro_verification,tgmpa_dismissed_notice,,,,,,,,hide_twitter,_hub_member_127031,,_project_request_127093,,,wpseo_noindex_author,,,,,,pll_xdata_6dabd0c97f49cdc3faf8cc6b9b7f9f09,
23,userpro_verified,total_friend_count,,,,,,,,hide_unique_id,_hub_member_127032,,_project_request_127105,,,wpseo_seen_about_version,,,,,,pll_xdata_7e4cbc505c30ea8f53e71d3b70f64beb,
24,users_page_bp_signups_per_page,total_group_count,,,,,,,,hide_up_username,_hub_member_127033,,_project_request_127111,,,wpseo_title,,,,,,pll_xdata_8e0d211c717ecd24c8686f319c39c64d,
25,users_per_page,unique_id,,,,,,,,hide_user_email,_hub_member_127034,,_project_request_127133,,,,,,,,,pll_xdata_99e66c683f5531926849b9ef4629bb0d,
26,,up_username,,,,,,,,hide_user_id,_hub_member_127035,,_project_request_128485,,,,,,,,,pll_xdata_9abcb98061aca797375c3ca615149515,
27,,upload_per_page,,,,,,,,hide_user_login,_hub_member_127036,,_project_request_128502,,,,,,,,,pll_xdata_9cd59413ec1e5f3fa412b23643e875f5,
28,,when_last_login,,,,,,,,hide_user_pass,_hub_member_127037,,_project_request_128507,,,,,,,,,pll_xdata_a58ff3285549f0271d010dcd9e7ea2f9,
29,,when_last_login_count,,,,,,,,hide_user_pass_confirm,_hub_member_127038,,_project_request_128516,,,,,,,,,pll_xdata_b11444f9b21a5c289f9c380c55cb89ec,
30,,,,,,,,,,hide_user_url,_hub_member_127039,,_project_request_128530,,,,,,,,,pll_xdata_bc338d6c4566c251db142a93a8bd4012,
31,,,,,,,,,,,_hub_member_127040,,,,,,,,,,,pll_xdata_bf29f0850d5912ef79f1c0437437eb75,
32,,,,,,,,,,,_hub_member_127041,,,,,,,,,,,pll_xdata_c68229952e8e767f72b6280f09d03e66,
33,,,,,,,,,,,_hub_member_127043,,,,,,,,,,,pll_xdata_cc474ca3cebe087c9fffc5291cf0507a,
34,,,,,,,,,,,_hub_member_127044,,,,,,,,,,,pll_xdata_cd3842b1e7192c86a7d36cdefd5899a9,
35,,,,,,,,,,,_hub_member_127256,,,,,,,,,,,pll_xdata_de8e6d7caffd9e7b5e708ac16fb3b771,
36,,,,,,,,,,,_hub_member_127567,,,,,,,,,,,pll_xdata_e67a3b1e7fd5c8c67530b5145b933772,
37,,,,,,,,,,,_hub_member_127568,,,,,,,,,,,pll_xdata_e76c27b6af48f1d711c4ec0586e1df27,
38,,,,,,,,,,,_hub_member_127569,,,,,,,,,,,pll_xdata_eb39eba7d35e68501240311ab5faa7ac,
39,,,,,,,,,,,_hub_member_127572,,,,,,,,,,,pll_xdata_f20b6dc1ba1222e1fe2f9e43ee0d948e,
40,,,,,,,,,,,_hub_member_127573,,,,,,,,,,,pll_xdata_f91958488e48725a7cfba7ab3f158889,
41,,,,,,,,,,,_hub_member_127629,,,,,,,,,,,pll_xdata_fb1b2e9919eb982ff647c221cee445ea,
42,,,,,,,,,,,_hub_member_127630,,,,,,,,,,,,
43,,,,,,,,,,,_hub_member_127631,,,,,,,,,,,,
44,,,,,,,,,,,_hub_member_127632,,,,,,,,,,,,
45,,,,,,,,,,,_hub_member_127633,,,,,,,,,,,,
46,,,,,,,,,,,_hub_member_127634,,,,,,,,,,,,
47,,,,,,,,,,,_hub_member_127635,,,,,,,,,,,,
48,,,,,,,,,,,_hub_member_127636,,,,,,,,,,,,
49,,,,,,,,,,,_hub_member_127652,,,,,,,,,,,,
50,,,,,,,,,,,_hub_member_127693,,,,,,,,,,,,
51,,,,,,,,,,,_hub_member_127695,,,,,,,,,,,,
52,,,,,,,,,,,_hub_member_127696,,,,,,,,,,,,
53,,,,,,,,,,,_hub_member_127697,,,,,,,,,,,,
54,,,,,,,,,,,_hub_member_127761,,,,,,,,,,,,
55,,,,,,,,,,,_hub_member_127762,,,,,,,,,,,,
56,,,,,,,,,,,_hub_member_127763,,,,,,,,,,,,
57,,,,,,,,,,,_hub_member_127989,,,,,,,,,,,,
58,,,,,,,,,,,_hub_member_128135,,,,,,,,,,,,
59,,,,,,,,,,,_hub_member_128187,,,,,,,,,,,,
60,,,,,,,,,,,_hub_member_128212,,,,,,,,,,,,
61,,,,,,,,,,,_hub_member_128251,,,,,,,,,,,,
62,,,,,,,,,,,_hub_member_128261,,,,,,,,,,,,
63,,,,,,,,,,,_hub_member_128267,,,,,,,,,,,,
64,,,,,,,,,,,_hub_member_128269,,,,,,,,,,,,
65,,,,,,,,,,,_hub_member_128271,,,,,,,,,,,,
66,,,,,,,,,,,_hub_member_128273,,,,,,,,,,,,
67,,,,,,,,,,,_hub_member_128275,,,,,,,,,,,,
68,,,,,,,,,,,_hub_member_128374,,,,,,,,,,,,
69,,,,,,,,,,,_hub_member_128411,,,,,,,,,,,,
70,,,,,,,,,,,_hub_member_128413,,,,,,,,,,,,
71,,,,,,,,,,,_hub_member_128430,,,,,,,,,,,,
72,,,,,,,,,,,_hub_member_128434,,,,,,,,,,,,
73,,,,,,,,,,,_hub_member_128458,,,,,,,,,,,,
74,,,,,,,,,,,_hub_member_128537,,,,,,,,,,,,
75,,,,,,,,,,,_hub_member_128779,,,,,,,,,,,,
76,,,,,,,,,,,_hub_member_128828,,,,,,,,,,,,
77,,,,,,,,,,,_hub_member_128885,,,,,,,,,,,,
78,,,,,,,,,,,_hub_member_128888,,,,,,,,,,,,
79,,,,,,,,,,,_hub_member_128897,,,,,,,,,,,,
80,,,,,,,,,,,_hub_member_129016,,,,,,,,,,,,
81,,,,,,,,,,,_hub_member_129100,,,,,,,,,,,,
82,,,,,,,,,,,_hub_member_129234,,,,,,,,,,,,
83,,,,,,,,,,,_hub_member_129342,,,,,,,,,,,,
84,,,,,,,,,,,_hub_member_129345,,,,,,,,,,,,
85,,,,,,,,,,,_hub_member_129354,,,,,,,,,,,,
86,,,,,,,,,,,_hub_member_129359,,,,,,,,,,,,
87,,,,,,,,,,,_hub_member_129362,,,,,,,,,,,,
88,,,,,,,,,,,_hub_member_129365,,,,,,,,,,,,
89,,,,,,,,,,,_hub_member_129368,,,,,,,,,,,,
90,,,,,,,,,,,_hub_member_129371,,,,,,,,,,,,
91,,,,,,,,,,,_hub_member_129413,,,,,,,,,,,,
92,,,,,,,,,,,_hub_member_129436,,,,,,,,,,,,
93,,,,,,,,,,,_hub_member_129540,,,,,,,,,,,,
94,,,,,,,,,,,_hub_member_129543,,,,,,,,,,,,
95,,,,,,,,,,,_hub_member_129568,,,,,,,,,,,,
96,,,,,,,,,,,_hub_member_129575,,,,,,,,,,,,
97,,,,,,,,,,,_hub_member_129586,,,,,,,,,,,,
98,,,,,,,,,,,_hub_member_129663,,,,,,,,,,,,
99,,,,,,,,,,,_hub_member_129678,,,,,,,,,,,,
100,,,,,,,,,,,_hub_member_129986,,,,,,,,,,,,
101,,,,,,,,,,,_hub_member_129990,,,,,,,,,,,,
102,,,,,,,,,,,_hub_member_130244,,,,,,,,,,,,
103,,,,,,,,,,,_hub_member_130403,,,,,,,,,,,,
